{"cameraMode":{"drawMode":0,"name":"Shaded","section":"Shading Mode"},"sceneLighting":true,"audioPlay":false,"sceneViewState":{"m_AlwaysRefresh":false,"showFog":true,"showSkybox":true,"showFlares":true,"showImageEffects":true,"showParticleSystems":true,"showVisualEffectGraphs":true,"m_FxEnabled":true},"in2DMode":false,"pivot":{"x":1135.4820556640625,"y":-261.98016357421877,"z":7032.8974609375},"rotation":{"x":-0.03594985231757164,"y":-0.04854171350598335,"z":0.0017481188988313079,"w":-0.9981723427772522},"size":3922.067626953125,"orthographic":false}